arm,side,t_s,unix_s,rssi_dbm,noise_dbm,tx_rate_mbps,channel,width_mhz,radar_band
off,before,0.000,1787224492.673,-70,-95,544,36,80,0
off,before,1.005,1787224493.679,-70,-95,576,36,80,0
off,before,2.005,1787224494.679,-70,-95,576,36,80,0
off,before,3.005,1787224495.679,-71,-95,576,36,80,0
off,before,4.003,1787224496.676,-70,-95,576,36,80,0
off,after,0.000,1787224607.645,-71,-93,432,36,80,0
off,after,1.002,1787224608.647,-71,-95,432,36,80,0
off,after,2.005,1787224609.650,-71,-95,432,36,80,0
off,after,3.005,1787224610.651,-71,-95,432,36,80,0
off,after,4.005,1787224611.650,-70,-95,432,36,80,0
on,before,0.000,1787224612.659,-71,-95,432,36,80,0
on,before,1.005,1787224613.664,-72,-95,544,36,80,0
on,before,2.003,1787224614.663,-71,-95,544,36,80,0
on,before,3.003,1787224615.663,-71,-95,544,36,80,0
on,before,4.002,1787224616.663,-71,-95,544,36,80,0
on,after,0.000,1787224727.937,-73,-94,432,36,80,0
on,after,1.005,1787224728.942,-72,-94,432,36,80,0
on,after,2.002,1787224729.940,-72,-94,432,36,80,0
on,after,3.000,1787224730.938,-73,-94,432,36,80,0
on,after,4.000,1787224731.938,-71,-94,432,36,80,0
expensive,before,0.000,1787224732.951,-71,-94,432,36,80,0
expensive,before,1.002,1787224733.956,-72,-94,432,36,80,0
expensive,before,2.002,1787224734.955,-71,-94,432,36,80,0
expensive,before,3.000,1787224735.958,-71,-94,432,36,80,0
expensive,before,4.001,1787224736.953,-71,-94,432,36,80,0
expensive,after,0.000,1787224849.535,-70,-95,408,36,80,0
expensive,after,1.001,1787224850.538,-70,-95,408,36,80,0
expensive,after,2.005,1787224851.541,-71,-95,408,36,80,0
expensive,after,3.000,1787224852.537,-70,-95,408,36,80,0
expensive,after,4.002,1787224853.538,-70,-95,408,36,80,0
on,before,0.000,1787224854.555,-70,-95,432,36,80,0
on,before,1.002,1787224855.557,-71,-95,432,36,80,0
on,before,2.003,1787224856.558,-70,-95,432,36,80,0
on,before,3.000,1787224857.556,-70,-95,432,36,80,0
on,before,4.005,1787224858.560,-70,-95,432,36,80,0
on,after,0.000,1787224968.621,-70,-94,576,36,80,0
on,after,1.004,1787224969.626,-70,-94,576,36,80,0
on,after,2.003,1787224970.625,-70,-94,432,36,80,0
on,after,3.005,1787224971.626,-70,-94,432,36,80,0
on,after,4.005,1787224972.626,-70,-94,432,36,80,0
expensive,before,0.000,1787224973.636,-69,-94,432,36,80,0
expensive,before,1.004,1787224974.641,-69,-94,432,36,80,0
expensive,before,2.002,1787224975.639,-69,-94,408,36,80,0
expensive,before,3.002,1787224976.639,-70,-94,408,36,80,0
expensive,before,4.001,1787224977.638,-71,-94,408,36,80,0
expensive,after,0.000,1787225095.591,-70,-94,432,36,80,0
expensive,after,1.005,1787225096.597,-71,-94,432,36,80,0
expensive,after,2.003,1787225097.595,-71,-94,432,36,80,0
expensive,after,3.002,1787225098.594,-71,-94,432,36,80,0
expensive,after,4.003,1787225099.594,-70,-94,432,36,80,0
off,before,0.000,1787225100.607,-71,-94,408,36,80,0
off,before,1.005,1787225101.614,-72,-94,408,36,80,0
off,before,2.001,1787225102.609,-71,-94,408,36,80,0
off,before,3.001,1787225103.610,-71,-94,408,36,80,0
off,before,4.002,1787225104.610,-71,-94,408,36,80,0
off,after,0.000,1787225215.145,-71,-94,432,36,80,0
off,after,1.005,1787225216.151,-71,-94,103,36,80,0
off,after,2.000,1787225217.147,-71,-94,103,36,80,0
off,after,3.002,1787225218.148,-71,-94,103,36,80,0
off,after,4.005,1787225219.151,-71,-94,103,36,80,0
expensive,before,0.000,1787225220.166,-71,-94,103,36,80,0
expensive,before,1.002,1787225221.170,-71,-94,408,36,80,0
expensive,before,2.001,1787225222.169,-71,-94,408,36,80,0
expensive,before,3.001,1787225223.169,-71,-94,408,36,80,0
expensive,before,4.002,1787225224.170,-72,-94,408,36,80,0
expensive,after,0.000,1787225334.369,-70,-94,576,36,80,0
expensive,after,1.004,1787225335.375,-70,-94,576,36,80,0
expensive,after,2.005,1787225336.375,-70,-94,576,36,80,0
expensive,after,3.005,1787225337.375,-70,-94,576,36,80,0
expensive,after,4.000,1787225338.370,-70,-94,576,36,80,0
off,before,0.000,1787225339.387,-71,-94,576,36,80,0
off,before,1.001,1787225340.388,-70,-94,576,36,80,0
off,before,2.001,1787225341.388,-70,-94,576,36,80,0
off,before,3.004,1787225342.391,-70,-94,576,36,80,0
off,before,4.005,1787225343.392,-70,-94,576,36,80,0
off,after,0.000,1787225454.588,-72,-94,432,36,80,0
off,after,1.004,1787225455.594,-72,-94,432,36,80,0
off,after,2.002,1787225456.592,-72,-94,432,36,80,0
off,after,3.000,1787225457.593,-72,-94,432,36,80,0
off,after,4.001,1787225458.589,-72,-94,432,36,80,0
on,before,0.000,1787225459.601,-72,-94,432,36,80,0
on,before,1.005,1787225460.607,-71,-94,432,36,80,0
on,before,2.005,1787225461.607,-71,-94,432,36,80,0
on,before,3.002,1787225462.604,-71,-94,432,36,80,0
on,before,4.005,1787225463.607,-71,-94,432,36,80,0
on,after,0.000,1787225575.803,-72,-94,432,36,80,0
on,after,1.004,1787225576.808,-71,-94,432,36,80,0
on,after,2.003,1787225577.807,-71,-94,432,36,80,0
on,after,3.002,1787225578.806,-71,-94,432,36,80,0
on,after,4.005,1787225579.809,-72,-94,432,36,80,0
on,before,0.000,1787225580.815,-71,-94,432,36,80,0
on,before,1.001,1787225581.817,-71,-94,432,36,80,0
on,before,2.003,1787225582.819,-71,-94,408,36,80,0
on,before,3.005,1787225583.822,-71,-94,408,36,80,0
on,before,4.004,1787225584.821,-72,-94,408,36,80,0
on,after,0.000,1787226246.026,-70,-95,432,36,80,0
on,after,1.002,1787226247.029,-70,-95,432,36,80,0
on,after,2.004,1787226248.031,-70,-95,432,36,80,0
on,after,3.005,1787226249.032,-71,-95,576,36,80,0
on,after,4.005,1787226250.032,-71,-95,576,36,80,0
